<?xml version="1.0" ?>
<LOG_ROOT>
	<PROJECT NAME="controle_incendio">
		<CBX_INST_ENTRY INSTANCE_NAME="|controle_incendio|compTempAlta:inst15|compTempAlta_altfp_compare_o6b:compTempAlta_altfp_compare_o6b_component|lpm_compare:cmpr4" CBX_FILE_NAME="cmpr_epi.tdf"/>
		<CBX_INST_ENTRY INSTANCE_NAME="|controle_incendio|compTempMedia2:inst14|compTempMedia2_altfp_compare_o3b:compTempMedia2_altfp_compare_o3b_component|lpm_compare:cmpr3" CBX_FILE_NAME="cmpr_fpi.tdf"/>
		<CBX_INST_ENTRY INSTANCE_NAME="|controle_incendio|compTempMedia:inst13|compTempMedia_altfp_compare_o6b:compTempMedia_altfp_compare_o6b_component|lpm_compare:cmpr4" CBX_FILE_NAME="cmpr_epi.tdf"/>
		<CBX_INST_ENTRY INSTANCE_NAME="|controle_incendio|compTempAlta:inst15|compTempAlta_altfp_compare_o6b:compTempAlta_altfp_compare_o6b_component|lpm_compare:cmpr1" CBX_FILE_NAME="cmpr_fpi.tdf"/>
		<CBX_INST_ENTRY INSTANCE_NAME="|controle_incendio|compTempBaixa:inst11|compTempBaixa_altfp_compare_o3b:compTempBaixa_altfp_compare_o3b_component|lpm_compare:cmpr2" CBX_FILE_NAME="cmpr_fpi.tdf"/>
		<CBX_INST_ENTRY INSTANCE_NAME="|controle_incendio|compTempMedia2:inst14|compTempMedia2_altfp_compare_o3b:compTempMedia2_altfp_compare_o3b_component|lpm_compare:cmpr4" CBX_FILE_NAME="cmpr_epi.tdf"/>
		<CBX_INST_ENTRY INSTANCE_NAME="|controle_incendio|compTempMedia:inst13|compTempMedia_altfp_compare_o6b:compTempMedia_altfp_compare_o6b_component|lpm_compare:cmpr1" CBX_FILE_NAME="cmpr_fpi.tdf"/>
		<CBX_INST_ENTRY INSTANCE_NAME="|controle_incendio|lpm_mux0:inst10|LPM_MUX:LPM_MUX_component" CBX_FILE_NAME="mux_m4e.tdf"/>
		<CBX_INST_ENTRY INSTANCE_NAME="|controle_incendio|compTempAlta:inst15|compTempAlta_altfp_compare_o6b:compTempAlta_altfp_compare_o6b_component|lpm_compare:cmpr2" CBX_FILE_NAME="cmpr_fpi.tdf"/>
		<CBX_INST_ENTRY INSTANCE_NAME="|controle_incendio|compTempBaixa:inst11|compTempBaixa_altfp_compare_o3b:compTempBaixa_altfp_compare_o3b_component|lpm_compare:cmpr3" CBX_FILE_NAME="cmpr_fpi.tdf"/>
		<CBX_INST_ENTRY INSTANCE_NAME="|controle_incendio|compTempMedia2:inst14|compTempMedia2_altfp_compare_o3b:compTempMedia2_altfp_compare_o3b_component|lpm_compare:cmpr1" CBX_FILE_NAME="cmpr_fpi.tdf"/>
		<CBX_INST_ENTRY INSTANCE_NAME="|controle_incendio|compTempMedia:inst13|compTempMedia_altfp_compare_o6b:compTempMedia_altfp_compare_o6b_component|lpm_compare:cmpr2" CBX_FILE_NAME="cmpr_fpi.tdf"/>
		<CBX_INST_ENTRY INSTANCE_NAME="|controle_incendio|lpm_compare1:inst6|lpm_compare:LPM_COMPARE_component" CBX_FILE_NAME="cmpr_c5l.tdf"/>
		<CBX_INST_ENTRY INSTANCE_NAME="|controle_incendio|compTempAlta:inst15|compTempAlta_altfp_compare_o6b:compTempAlta_altfp_compare_o6b_component|lpm_compare:cmpr3" CBX_FILE_NAME="cmpr_fpi.tdf"/>
		<CBX_INST_ENTRY INSTANCE_NAME="|controle_incendio|compTempBaixa:inst11|compTempBaixa_altfp_compare_o3b:compTempBaixa_altfp_compare_o3b_component|lpm_compare:cmpr4" CBX_FILE_NAME="cmpr_epi.tdf"/>
		<CBX_INST_ENTRY INSTANCE_NAME="|controle_incendio|compTempMedia2:inst14|compTempMedia2_altfp_compare_o3b:compTempMedia2_altfp_compare_o3b_component|lpm_compare:cmpr2" CBX_FILE_NAME="cmpr_fpi.tdf"/>
		<CBX_INST_ENTRY INSTANCE_NAME="|controle_incendio|compTempMedia:inst13|compTempMedia_altfp_compare_o6b:compTempMedia_altfp_compare_o6b_component|lpm_compare:cmpr3" CBX_FILE_NAME="cmpr_fpi.tdf"/>
		<CBX_INST_ENTRY INSTANCE_NAME="|controle_incendio|contadorPWM:inst7|lpm_counter:LPM_COUNTER_component" CBX_FILE_NAME="cntr_g3i.tdf"/>
		<CBX_INST_ENTRY INSTANCE_NAME="|controle_incendio|compTempBaixa:inst11|compTempBaixa_altfp_compare_o3b:compTempBaixa_altfp_compare_o3b_component|lpm_compare:cmpr1" CBX_FILE_NAME="cmpr_fpi.tdf"/>
	</PROJECT>
</LOG_ROOT>
